,Precision (1),Recall (1),F1 (1),ROC–AUC
Baseline,0.8611111111111112,0.6283783783783784,0.7265625,0.9527632239778322
SMOTE,0.1487603305785124,0.8513513513513513,0.25326633165829143,0.9664700253333819
CBO,0.14788732394366197,0.8513513513513513,0.25199999999999995,0.9664949388687591
CBU,0.05785876993166287,0.8581081081081081,0.10840802390098164,0.9711751583930492
