,Precision (1),Recall (1),F1 (1),ROC–AUC
GMM-full,0.06089965397923876,0.8979591836734694,0.11406351263771873,0.96916344618883
GMM+CBU,0.03187679083094556,0.9081632653061225,0.061591695501730104,0.9716405343791992
Baseline,0.8333333333333334,0.6632653061224489,0.7386363636363636,0.9542781272610338
SMOTE,0.13650306748466257,0.9081632653061225,0.23733333333333334,0.9771543166366152
