,Precision (1),Recall (1),F1 (1),ROC–AUC
GMM-full,0.07564026206075045,0.8581081081081081,0.1390257252326218,0.9719774613701574
GMM+CBU,0.04751215862326973,0.8581081081081081,0.09003899326479972,0.9596338938152643
Baseline,0.8611111111111112,0.6283783783783784,0.7265625,0.9527632239778322
SMOTE,0.07564026206075045,0.8581081081081081,0.1390257252326218,0.9719774613701574
CBO,0.04751215862326973,0.8581081081081081,0.09003899326479972,0.9596338938152643
CBU,0.1487603305785124,0.8513513513513513,0.25326633165829143,0.9664700253333819
