,Precision (1),Recall (1),F1 (1),ROC–AUC
GMM-full,0.07528156490812092,0.8581081081081081,0.13841961852861034,0.9720098608485971
GMM+CBU,0.04765478424015009,0.8581081081081081,0.0902950586562389,0.9595812941730053
Baseline,0.8611111111111112,0.6283783783783784,0.7265625,0.9527632239778322
SMOTE,0.14788732394366197,0.8513513513513513,0.252,0.9664949388687591
CBO,0.05785876993166287,0.8581081081081081,0.10840802390098164,0.9711751583930492
CBU,0.04765478424015009,0.8581081081081081,0.0902950586562389,0.9595812941730053
